{"Body":{"upcicProcessQuoteResponse":{"upcicProcessQuoteResult":"<?xml version=\"1.0\" encoding=\"utf-16\"?><QuoteWrapper xmlns:i=\"http://www.w3.org/2001/XMLSchema-instance\" xmlns=\"http://schemas.datacontract.org/2004/07/UniversalDirectRater\"><Id>0</Id><Message>ERROR</Message><Paymentplans xmlns:d2p1=\"http://schemas.datacontract.org/2004/07/\" i:nil=\"true\" /><Premium>0</Premium><PremiumBreakDown i:nil=\"true\" /><Quote xmlns:d2p1=\"http://schemas.datacontract.org/2004/07/\"><d2p1:ACHTransactionId i:nil=\"true\" /><d2p1:AOPDeductible>1000</d2p1:AOPDeductible><d2p1:AcknowledgeBinding i:nil=\"true\" /><d2p1:AdditionalInterests /><d2p1:AddressLine1>303 Dean Street</d2p1:AddressLine1><d2p1:Agriculture>false</d2p1:Agriculture><d2p1:AnyAdditionalInterests>false</d2p1:AnyAdditionalInterests><d2p1:AnyLosses>false</d2p1:AnyLosses><d2p1:AnyScheduledItems>true</d2p1:AnyScheduledItems><d2p1:Applicants><d2p1:Contact><d2p1:AddressLine1>303 Dean Street</d2p1:AddressLine1><d2p1:AddressLine2 i:nil=\"true\" /><d2p1:BusinessEntity>false</d2p1:BusinessEntity><d2p1:BusinessName></d2p1:BusinessName><d2p1:City>West Chester</d2p1:City><d2p1:ContactTypeId>4</d2p1:ContactTypeId><d2p1:Country>US</d2p1:Country><d2p1:DateOfBirth>1990-12-12T00:00:00</d2p1:DateOfBirth><d2p1:DisplayContactType i:nil=\"true\" /><d2p1:Email>unknown@business.com</d2p1:Email><d2p1:FirstName>david</d2p1:FirstName><d2p1:Id>00000000-0000-0000-0000-000000000000</d2p1:Id><d2p1:LastName>marsh</d2p1:LastName><d2p1:Payor>false</d2p1:Payor><d2p1:PhoneNumber>123-912-0323</d2p1:PhoneNumber><d2p1:ReferenceNumber>0</d2p1:ReferenceNumber><d2p1:State>PA</d2p1:State><d2p1:ZipCode>19382</d2p1:ZipCode></d2p1:Contact></d2p1:Applicants><d2p1:Arson>false</d2p1:Arson><d2p1:Bankruptcy>false</d2p1:Bankruptcy><d2p1:BurglarAlarm>Local</d2p1:BurglarAlarm><d2p1:Business>false</d2p1:Business><d2p1:CarrierId>1</d2p1:CarrierId><d2p1:CentralAirConditioning>true</d2p1:CentralAirConditioning><d2p1:City>West Chester</d2p1:City><d2p1:ConfirmAcknowledgeBinding>false</d2p1:ConfirmAcknowledgeBinding><d2p1:ConfirmEmail>unknown@business.com</d2p1:ConfirmEmail><d2p1:CoverageA i:nil=\"true\" /><d2p1:CoverageB i:nil=\"true\" /><d2p1:CoverageC i:nil=\"true\" /><d2p1:CoverageD i:nil=\"true\" /><d2p1:CoverageE>300000</d2p1:CoverageE><d2p1:CoverageF>3000</d2p1:CoverageF><d2p1:CurrentPolicyExpiration>2019-10-21T00:00:00</d2p1:CurrentPolicyExpiration><d2p1:CurrentlyInsured>true</d2p1:CurrentlyInsured><d2p1:DateOfPurchaseOrLease>2019-10-21T00:00:00</d2p1:DateOfPurchaseOrLease><d2p1:DayCare>false</d2p1:DayCare><d2p1:DogTypes xmlns:d3p1=\"http://schemas.microsoft.com/2003/10/Serialization/Arrays\" /><d2p1:Dogs>false</d2p1:Dogs><d2p1:EffectiveDate>2019-10-21T00:00:00</d2p1:EffectiveDate><d2p1:ElectricalUpdateYear>1985</d2p1:ElectricalUpdateYear><d2p1:Email>unknown@business.com</d2p1:Email><d2p1:ExoticAnimals i:nil=\"true\" /><d2p1:Felony>false</d2p1:Felony><d2p1:FireAlarm>Local</d2p1:FireAlarm><d2p1:FirstName>david</d2p1:FirstName><d2p1:Fuses>false</d2p1:Fuses><d2p1:Have1802>true</d2p1:Have1802><d2p1:HazardousOrIllegalUse i:nil=\"true\" /><d2p1:HeatingUpdateYear>2013</d2p1:HeatingUpdateYear><d2p1:HurricaneDeductible>2</d2p1:HurricaneDeductible><d2p1:Id>59904</d2p1:Id><d2p1:InsuranceFraud>false</d2p1:InsuranceFraud><d2p1:Judgements>false</d2p1:Judgements><d2p1:KnobTube>false</d2p1:KnobTube><d2p1:LastName>marsh</d2p1:LastName><d2p1:LawsuitInsurance>false</d2p1:LawsuitInsurance><d2p1:LivingArea>2344</d2p1:LivingArea><d2p1:LivingUnits>1</d2p1:LivingUnits><d2p1:Locked>false</d2p1:Locked><d2p1:Losses /><d2p1:MobileOrManufactured>false</d2p1:MobileOrManufactured><d2p1:MonthsUnoccupied xmlns:d3p1=\"http://schemas.microsoft.com/2003/10/Serialization/Arrays\" /><d2p1:NumberOfStories>1.0</d2p1:NumberOfStories><d2p1:OccupiedBy>Owner</d2p1:OccupiedBy><d2p1:OtherCoverages><d2p1:OtherCoverage><d2p1:Fields><d2p1:OtherCoverageField><d2p1:Id>4</d2p1:Id><d2p1:Value>Personal Property Replacement Cost</d2p1:Value></d2p1:OtherCoverageField></d2p1:Fields><d2p1:Id>4</d2p1:Id><d2p1:Included>true</d2p1:Included><d2p1:Seen>false</d2p1:Seen></d2p1:OtherCoverage></d2p1:OtherCoverages><d2p1:PaymentPlan>0</d2p1:PaymentPlan><d2p1:PlumbingUpdateYear>1991</d2p1:PlumbingUpdateYear><d2p1:PolicyNumber i:nil=\"true\" /><d2p1:PolyButylene>false</d2p1:PolyButylene><d2p1:PoolFence>false</d2p1:PoolFence><d2p1:PortableHeat>false</d2p1:PortableHeat><d2p1:Premium i:nil=\"true\" /><d2p1:ProductFamily>Homeowners</d2p1:ProductFamily><d2p1:ProductId>1</d2p1:ProductId><d2p1:ProtectionClass i:nil=\"true\" /><d2p1:PurchasePrice i:nil=\"true\" /><d2p1:ReplacementCost i:nil=\"true\" /><d2p1:RiskData xmlns:d3p1=\"http://schemas.datacontract.org/2004/07/Atlas.Web.Data.Objects\"><d3p1:Address i:nil=\"true\" /><d3p1:FireDepartment i:nil=\"true\" /><d3p1:FireDepartments i:nil=\"true\" /><d3p1:GeoLocation i:nil=\"true\" /><d3p1:Hurricane i:nil=\"true\" /><d3p1:LavaFlow i:nil=\"true\" /><d3p1:PropertyTax i:nil=\"true\" /><d3p1:RequestDate>0001-01-01T00:00:00</d3p1:RequestDate><d3p1:Source>ManualEntry</d3p1:Source><d3p1:Territory i:nil=\"true\" /><d3p1:Tsunami i:nil=\"true\" /></d2p1:RiskData><d2p1:RoofShape>Hip</d2p1:RoofShape><d2p1:RoofingMaterial>15001</d2p1:RoofingMaterial><d2p1:RoofingUpdateYear>2004</d2p1:RoofingUpdateYear><d2p1:ScheduleInspection>false</d2p1:ScheduleInspection><d2p1:ScheduledItems /><d2p1:SeniorResidents i:nil=\"true\" /><d2p1:Service100Amp>false</d2p1:Service100Amp><d2p1:Sprinklers>None</d2p1:Sprinklers><d2p1:StateId>15</d2p1:StateId><d2p1:StudentHousing i:nil=\"true\" /><d2p1:StyleOfHome>Dwelling</d2p1:StyleOfHome><d2p1:SwimmingPool>false</d2p1:SwimmingPool><d2p1:Trustee>false</d2p1:Trustee><d2p1:TypeOfConstruction>Frame</d2p1:TypeOfConstruction><d2p1:TypeOfFoundation>Slab</d2p1:TypeOfFoundation><d2p1:TypeOfHeating>Electric</d2p1:TypeOfHeating><d2p1:TypeOfOccupancy>Primary</d2p1:TypeOfOccupancy><d2p1:UnitFloor>1</d2p1:UnitFloor><d2p1:WPDFactor>211111111</d2p1:WPDFactor><d2p1:WithWind>true</d2p1:WithWind><d2p1:Within1000ftOfFireHydrant>true</d2p1:Within1000ftOfFireHydrant><d2p1:YearBuilt>1920</d2p1:YearBuilt><d2p1:ZipCode>19382</d2p1:ZipCode></Quote><QuoteLink></QuoteLink><RequestedBy>pinnacle</RequestedBy><ScheduledItemDefinitions xmlns:d2p1=\"http://schemas.datacontract.org/2004/07/\" i:nil=\"true\" /><errors xmlns:d2p1=\"http://schemas.datacontract.org/2004/07/\"><d2p1:QuoteValidator.ValidationError><d2p1:_x003C_BindingRuleId_x003E_k__BackingField i:nil=\"true\" /><d2p1:_x003C_Message_x003E_k__BackingField>Unable to verify that address.</d2p1:_x003C_Message_x003E_k__BackingField><d2p1:_x003C_SeverityId_x003E_k__BackingField>0</d2p1:_x003C_SeverityId_x003E_k__BackingField><d2p1:_x003C_Targets_x003E_k__BackingField><d2p1:QuoteValidator.ValidationTarget><d2p1:_x003C_Name_x003E_k__BackingField>AddressLine1</d2p1:_x003C_Name_x003E_k__BackingField><d2p1:_x003C_Step_x003E_k__BackingField>1</d2p1:_x003C_Step_x003E_k__BackingField></d2p1:QuoteValidator.ValidationTarget></d2p1:_x003C_Targets_x003E_k__BackingField></d2p1:QuoteValidator.ValidationError></errors></QuoteWrapper>"}}}